Name	Chr	Start	End	Size	BpSeq
deletion1	Human	2494700	2494709	10	TTCTTTTTCTAATATGTTTAGTTATGTCCTTAGGTATGTGGTCTTTCGGTCTATTTGTGTATTCAAAATTATGTAAAACTTTAAGTGCAACTTGAGAGTT
deletion2	Human	205601	205610	10	TGAGTCAAGAACTAGGGCTTTTATTTTTACTTTCTATGAAGGAAATAAGAAATCTCCAATGCATGGGACATTTTTTGGCAGATGTTCAGAGGGAGAAAAG
deletion3	Human	1254252	1254261	10	GCCAGTCCTCTAAGGAGGGAAAGGAACTATGACCCTTGGTTTAGATGGCTATGCTCTCCCCCAGGAGACCATAAGAAAACAGAAGGCTGTGGGACCCCAC
deletion4	Human	219064	219073	10	TTCATTGGCAAATATTTTTGTCACTGTTTTGAACCATTCAGAAAGCAGAGATTAAATTGAAACATTTAGATCGATGTGGGATAATAATTTTTTCTCTACA
deletion5	Human	1599952	1599961	10	CTCTTCCAGAGCAGCCAAGCCAGTCTGCGTTTCCACCAGCAATTTCTGAGGCTCTGCGTCCTTGCCAGTGCTTGGTATTGCCAGGTTTTTTATTTTTTAA
deletion6	Human	3371280	3371289	10	CCATATATCTCACTTTGCATCCTCCTCCAGGCCTTCCACTTCCCATGAGCATGACCAAGTCCAGAGTGACACTGTAAGCTAGACACCAAAATGGCAGAAC
deletion7	Human	2774041	2774050	10	CTCCTGCTCTCACCATGTGATACATATGCTTCCACTTTGCCTTCACCATGTCCTAAGGCCTCACCAGAAGCCAAGCAGATACTGGCACCATGCTTTCTGT
deletion8	Human	3285631	3285640	10	CATCCCATCTCCCTTCTTTAAGACCACAGGTGTGATTCTGGGCATCTCCTTCTCATCTGGAGCCTTACCTGTGATTCCCCTAGAATTTACTTTCAGATTT
deletion9	Human	1448843	1448852	10	GACCTGATGTGGCCAAACTGGAAGCAGAGGCTAGAGAAATAGCAGCCAGTTGCCTGCTGAGTAGAGACCATTTACTGCATCAGTTACTCACATGTTGTGT
deletion10	Human	4300998	4301007	10	TGTTAATAGGAGGAGCTGCAAAGTAGCATGGTCATTTTACAGTCCACTGCCTAAGCTCAGCACAAATCACCACACTGCAGAATCATGAGCTCAGTAAATG
deletion11	Human	1103854	1103863	10	ACTAGACTCGTTAATATTACATAGATTTCCAGCTAGGTGACTTTGGCCAATGCCCTGAACCCTTTTTCCCCTGTAAAACAAGGGGGTGGGGCTAGACTCC
deletion12	Human	3058799	3058808	10	ATCTCCTCTTGCTGAATATACACAAGAGTCAGCTGAGAACTTGATAGGCTATGTTCAATCCCACAGAAGGTACATAGTACATGTCTGAGTCTCTCATTGT
deletion13	Human	3483968	3483977	10	AGACTAGAGAGTCTTAGACTTTATTAGAGTATAAAACTCACAGGATGCTCCTTTGACCACAAACTAATCCTGACATGTTGAAAATTTGCTCAGGATGAAA
deletion14	Human	3299629	3299638	10	CCCAGCCCTGCCAGGTGTGTTTTTTTAAATCTTGATTTTCTTGTGAAGTAAATTAGAATGGAAACAGCAACAATTTTCAAACAATATGTCTTTTGGTTAT
deletion15	Human	2350247	2350256	10	CTGTGTACAGTGCTTTGTCTTTTCCTTTGTCCCTCAGTAGTAGTTTGTAGATAGCTGGCAAGGGATGCAACTGTTCCTAAATGTAAAAACAGGAAGACAC
deletion16	Human	2916857	2916866	10	AAAATCTTGTAGGGTGGCCTAGTAGTAATTAAATCCTCCAGTTTTTGTTTGTCTTAATTTCTCCCTTATTTTAAGGAATGATGTTGCCAGATATATTATT
deletion17	Human	3726378	3726387	10	TTTCAGAGTGATTTGTCTATGCTGAAGGTGGAGTTTCTAACCTCAGCGGTTAGTAAGAATGTGTGACATTATTTTTGCTAAAGGAACTCTTAGAAGGGGT
deletion18	Human	3300179	3300188	10	CCACACACTTGGGATACTCAGTAAATGTTTGTTGGGTTATTGATCTATTTTTGTAAATAACTAAGGACTGATGATCCTGAAAGCAAAATATAGTCTTCCT
deletion19	Human	2067643	2067652	10	AAAGACAATAGAATGCTATTCATGAGATGCTCTAATTATGACACATTTACATTAAGCTTATTAAACTAAAATAATTACTGATTACTGTAATACAGCCCAC
deletion20	Human	2212170	2212179	10	AATCATTGAATGTTTCTGATGTGGACCAATTTCAGTCAAAGACAGTAAAATCAGCTTTCTTCTTATTTTAAATTAGAATTTTAAATGTAAAGCTTAGGTG
deletion21	Human	4075276	4075285	10	AATTTCCTTCACTAAGCCATGCTTCCCTGCCTCCTCTGTCCTTGGTTTTAACCCATGTAACAGGACCAAGTTTGTTTCACGATGCACAGCAAGGCAATAC
deletion22	Human	661102	661111	10	CATGTATTACTTTTCTTTCTTTTTCAGTAACTTACTCCTTTGAAAATCATGGTTCCTTCTGCTATTTTTGCTAGCCATGTGTTGTTCAATTAACATCCAT
deletion23	Human	2393759	2393768	10	CAGTCCCAGCTCTGGTCTCCAGTTTGCCTGTTTCAAAGTCGGCTCTGTAGCTTCCGCTTCCCCGTGAGCTAGCAGGCGTCTGAGGGCCTCGGGTTTGCTC
deletion24	Human	3081305	3081314	10	TTCCCTTACCCTGTCCCCTTAATCCTCTTACCAACCTGCAAGACAGGTCCTCATGTGAGATGAGTAACGGCAGTTTTCTCAGCTGTTAGGCAAGCTGATG
deletion25	Human	4261563	4261572	10	TATTGCTAATTGCACTTTTTGCCTATTTCTTTTGTGTTTTTTCACGTCTTCCTATTGTTGTAAACTTTAAAGGCCCTGTTGGCTTACAGGGATCTGAAGT
deletion26	Human	2777027	2777036	10	ATATACCAAGGGCACGTCTTAAAAACAAAACAGGAAAGCAAACAAACACATGCTCCTAACCAGCATTTATCATTTAGCATACGTGGGTTTTAAGAAAATA
deletion27	Human	3207205	3207214	10	CCAAACCTGTCCAATCCAACTCTTCCTTGAATTCCTCGAGAAGCCCCAACTAATTTCCCTTCTTCATTCCAACTGCCTCAAGTCAGTTTATTTTGCCCAT
deletion28	Human	2486304	2486313	10	TTTTTTTTTTTTTTTTTGATGGAGTCTCGCTCTGTTGCCCAAGCTGGAGTGGTCTCGGCTCACTGCAAGCTCCGCCTCCCGGGTTCACGCCATTCTCCTG
deletion29	Human	4000040	4000049	10	TTCCTTGAGGTGCATAATACCTGTAAAAGAAAACTGGGTGTGATTGTTAATAATGTAATTGGATTGAAGGATGCAAAATATTGATCCTGGGTGTGTCTGT
deletion30	Human	3314528	3314537	10	AGCTGGTCTCAAACTCCTGACCTCAGGTGATCCACCCACCTTGGCCTCCCAATTATGGGCATGAGCCACTGTGCCTGGCTGGCCTTCTTTCCCTTCCCTG
deletion31	Human	2943046	2943055	10	AGCTCCTTCAAAGTCAGCTTGCCTGCAGAGTTAAACTATAAAGGTTGTATAGTCGTTCTGAGTTTGAGAACCTCTGAGCTGCATGCCAACTGTGAGGGAT
deletion32	Human	1495087	1495096	10	GCCTTTTTTTTTTTAAACCCAGTATTTACATACAAAGGGCCACCGCGTCGCACACACTTGAAAGGGCCGTTTTAACAAATTGCATCTTAAAAAAGGTGGG
deletion33	Human	516036	516045	10	CAGAATATTTCCAGACACTGCCAAATGTCTCCTGGTGTAAAAGATCATCAGTCACTACCCTACACATACACCATTTCTATAAATATTTGGTTTATATTTT
deletion34	Human	1335090	1335099	10	GAAGAAAGGACACACTCAAGCCCTAGGGAGAGTAACTGGCTTGCTTGGGGAACTAAAGTGAGAATATATTACTGGTATCCAGGTAGCCATTTGTTCATTT
deletion35	Human	2473547	2473556	10	AGGTTAGCCCCAGATCTGAAAACTCTCCAGAGGAAGGAAAAGCTGATGATCTGGATGTTAGAATGTGGAAGGCACCCAATTCAAATAATGTTATCAGTTT
deletion36	Human	167713	167722	10	TGCAACCTCTGCACCAGGATGCACTGAACACCTGGGTGGGGGATGGGTAGCTGAGTTGCTAGCCGAACACGCCATGGCACTGCCTGCCCAAGGTGGGGAC
deletion37	Human	1846586	1846595	10	TTTGCTGCAGCTCCAAGGGAGAAGGACACACACCTGGCTGGGAGCCTTTGGAGGTCTAGCCTAGAAGGGGTTGTAAAAGGGCTGACAAAGGGAGGCCTGA
deletion38	Human	2307823	2307832	10	CAGCTCTCTGAGCTTCTATCTCTTCATACCTAAAATGAGGACACGGACTATTCTAACCCTGGCAGCTCATTGAAATCACCTGTGTATGAATTACCCTGCA
deletion39	Human	782196	782205	10	AATCAGGAAGTGTTATTGAGCGCTTCAAAGGGTGCAGCAACCACAAGGCCTCACACTGTCCCAATGCCAAAAATTCTGTCCCATTGGTTCTGCACAGCTT
deletion40	Human	4337597	4337606	10	GCTTCTGTTTCCAAACAAGCATTATGGCATTTATTTGTGATCACTGAGATAGTGCGGATATTTGAGGGGAGTTTGTTTTGTTTTGTTTTTGGCAGACCCG
deletion41	Human	3554596	3554605	10	TTCACCCCTTTATCTTTATATAGTAAACTCCTTTTTCTCTTTTTTACAGTAAATATATTTTATCTTGTGTAAGCTTAGCTACTTCTGCTCTTTTTTTTTT
deletion42	Human	2999281	2999290	10	GTTGTTATTATTACTACTACTATTACTACTGCACCTGTTGCTATTATAATACTACTGCTGCTGTTGCTATAATTATCACTACTCCTATTACTATTGCTGG
deletion43	Human	475261	475270	10	TGATTCTGCAGCAAGGTGCTCCAATTGTTGAAACTCATCACGTGGGCCGTCCCGGCCTCTTCGTGGACATGCCTGCAATTCTGCAGGATTGACCCCATTA
deletion44	Human	1362983	1362992	10	TTGAGATGCCCTGAAAAATGCAACACAGCTTAAAACTGTATTAGGTTTTGACAAATTTCTTTTTAGAAGGGTTGTGCAGCTTAATGAGGCATAACTAATG
deletion45	Human	3909383	3909392	10	CCTCGGCTCTTGCGCTGGTCTTGCTGGGTTCACTCGCGGGCTGCATTCAGCTGGGAATGTGCTCAGCAGGCACAGTGGGCATCTCTTTCCAGGTGGTCTT
deletion46	Human	244125	244134	10	AATTTAATAAGCAAACATGTTTAGCAATTATATGGAAAATATGTCTTCTTGAAAAGACCTAGGAAGAAAAAGGCCTGTATTGGAAGGGCCTTTTCTTCTT
deletion47	Human	2088934	2088943	10	AATGTTACATCTACTAAATATTTAAGCTTAATCACTATGTGAACAAATATGGAAATAATCAAGGAATATTTCCAGAAATATTTATGACATGGAGGAAGAC
deletion48	Human	1387734	1387743	10	TGTCCAGGCTGGAATGCAGCGGCATGATCATGGCTTTCTGCAACCTGTGCCAAGCAATCCTCCCACCTCAGCTTCTGAGTATCTGAGACTACAGGCAGGC
deletion49	Human	3173107	3173116	10	GCTCCTGTCTTCTGCCATCTGACCAAAGCTTGGTGCTTCCAATGTGGCCCGTGGTGGCCTCCTCTCTGGAACTGTGCGTGTAGTCAACTTTGTCTTTCTC
deletion50	Human	1400916	1400925	10	TTTCTTCTTCTCTGATTGCTATTTATTATTATTACTGTTTTGGAGACAGGATTGCCCAGGCTGGAGTGCGGTGACACAGTCATGGCTCATTGCAGCCTCA
deletion51	Human	3263993	3264002	10	TGGATACACTTGAGTTGCTGCAGAGGAGAGATGGTGTGGAGCCCGCCTTCAGAGCCCTTGAGGGAAAGAAGCCATGAGGGAGTGGTAACGACAATGGAAC
deletion52	Human	871412	871421	10	TTGCAGTGAGCCAAGATCCTGCCACTGCACTCCAGCCTGGGCAACAGAGACTCAAAAATAAATAAATGAATAAAATAAAACAAATAAAAATAAAAAATAG
deletion53	Human	2252298	2252307	10	GTCCCACGGGATGTGTGTCTTGAGACAACATGGCCAGCCCCACCCCTCCCAGTGAAAATGACATCCAAGTGGGACAGCCCAGTGCCATGGCAGCAAGACA
deletion54	Human	4564265	4564274	10	AGGGCTCCGTATTTTGATGAGGAAAGAGCCCAGCCAGTGGAATGACAGACCTCTGCACAAACACCAAGGCAGGGCCCAGCCATTCAGCCTCCTGGAGGAG
deletion55	Human	992439	992448	10	TTCGCATATATTAGATCTTTGAGTAGTTCATTCCATTTTCCTGTTCTCTTAGTAATCATGGATATGAGGGTCTCCTTTGTCTTCCATATCTATCATCTTC
deletion56	Human	2132545	2132554	10	CTGAATAAGGTAGAGCATGCTTTTTTTTTTTTTTTTTTGAGGTGGAGTCTCCCAGGCTGGAGTACAGCGGCGCGATCTCGGCTCACTGCAAGCTCCGCCT
deletion57	Human	3124454	3124463	10	GAGTGAGGTGAGGAGGGAAGAAAGAAAGAAGGCAGGAATACAAATGTCTAATATGTGTGTGTATGCATGTGTTTATTTGTGTGTGTAGGTATTTATGTGT
deletion58	Human	3831740	3831749	10	GAGCCACCATGCCCGTCCTATTGCTATCTAATTCTTAACAGCTCTTCCATCTCTATAATTTATTTGAGTAGTCTCTAGTGATGACATCATTTTGATCATG
deletion59	Human	3904030	3904039	10	TGGTCAGGGAGGTCTCTATGAGACTGGAAAGGTGAGAAGCCCTGTTTAGACTCCAGGCAGCAGGAACAGCCAGTGCAAAGGCCCTGAGGTGGGGCTGAGT
deletion60	Human	4260540	4260549	10	ACAGGGTTTCGCCATGATCGCCAGGCTAGTCTCGAACTCCCGACCTCAGGGCCTCGGCCTCCCAAAGTGCTGGGATTACAGGCATAAGCCACCCTGCCAG
deletion61	Human	3202207	3202216	10	CTCACAGCTCTTAAGATTCTTTCCTTCATCTTGACTTTCAATAACTTGATCTAGGTAATGAACTTTTTGCGATAAAATTTCCTGGATGTTCTTGTAGCTT
deletion62	Human	2746338	2746347	10	GTTGCAGATCATTTTAAAAAGGAAAATGGATTTCGCATGTGCCTGGGGTGCGGCAGAAATGCAAGTAGTTATTGTGTTTCAGTAACGTTCATGTACTTTT
deletion63	Human	3301536	3301545	10	TTTAGCTGTGCTGCCTGCAGATAGCTTAAGTGTTAACCAGCTCAGTGCCCTAGGTCCTTGTCCGGCATCCAGGAAGAATCAGGTCACACACAGACTTGAG
deletion64	Human	1020552	1020561	10	AGCTATGCTATTGACTGAGTTGTGCACTGCCAAAATTTATACATTGAAGTAGTGTGATGGTATTTGGAGATGGACCCTTTGGAGGTAATTAGGTTTAAAT
deletion65	Human	1250292	1250301	10	AAATCGCAGTACTCAACACAGTGTCATATACATAGTAAGTACCCAACAGTCAGCATTGTTTTTACTATTCCATGGAAACGCACTTGGATCGGATAGACTG
deletion66	Human	349589	349598	10	GCCGCCCGCCAAGGCAGTCAAGGCCCCGGGCGCCAAGAAGCCCAAGGCCAGCACTTCGAGGACGAGGTGACCACGTCGCCCGTGCTGGGGCTCAAGATCA
deletion67	Human	1948031	1948040	10	CCCTTTCCATCCTTCAGTTGTGTTTGTTTTTTTTTTGAAATCTGTAAAGTATAAAGTTACTATTCTTTGTAGGGTTTTGAAGGATTTTCTTGAGATAATG
deletion68	Human	1985856	1985865	10	ACGTAAGTGTGGCAGCATCTAAACAAATCTGTCTTCATTTCAAGGAAGAGATGCACATGGATGTTGCAACAATGTCAAATTGCTATGAAAATTTCTAAAT
deletion69	Human	1695629	1695638	10	CACTCTCCCTCCCTTCCCTTTCTCTTTCCCTTCCTCCCTACCTTCCACCCCGACCTTCCAGGGCTCCCTCTGCCCTTCCACTCTCTTTTCCTTGCTCCGA
deletion70	Human	4317124	4317133	10	AGTTTGCAAATATTTTCTCCCCTTTGTTGTTTGCTTCCCTAGAGGCTGGGGGGAGGGGGGGGACGCAGTGAGGCTGCTCCATGGTTACCAAGTTACAGTT
deletion71	Human	1851459	1851468	10	CTGTTCACAATTTCCTACATAGGAGGGATTTGAATCTTTTTATAGACATTTCTCCAGTTTAGACCATTTGCCATGTTAATGGTGAAAAGGATTCCCAGGG
deletion72	Human	3876134	3876143	10	AAACATAAAGTGGGGAAAGGACACCCTATTAAACCTATGGTGCTAAGATACACATGTAGAAGAATGAAACTGGAGCCTCATCTCTCACCCTATACAAAAA
deletion73	Human	1633565	1633574	10	CTGATGGTTCAGAGCTGGTTCTTTCTCCCTCCAGTCCACTTGAAAGTTCATTTTGTCCCCTCTTCCTTACCTGTCTAGTCTACTCTATACCCACGACTCC
deletion74	Human	1245695	1245704	10	TTCCGCTGCATTCTGCAGGTCAAGCAAGTCACTGGGACCAGCAAGGGGAGCCTCCCCTCTTAATGGGTAGAGTTGCATGTGTATACAACAGAAACTATCA
deletion75	Human	3056078	3056087	10	GCAGGAGGTTCCAGAGGATTCAGACACATGCTCAGGTTCAAATACAGCTACCCTCCTGTGCTGGGAAGAGCTCACCTAGTGCAGGCGGGACCAGAAAGGA
deletion76	Human	209732	209741	10	GAACAGGTAAAACCCTTCAGGGAATATGGAGGCCTGTGCATCTCTTCTGATCATCCCCCTCAAAGCACTAAACAAGGTTTCCTTTCAGAGCCCATTTTTC
deletion77	Human	4343809	4343818	10	CTAAAGGAACTTATTTCGCTGTCCTTTTTTGTGAAATACTGAGAGCTCCCGTTTTTGAAACTTGCCGGTACAGCTGTGTGTGGTGGCAGGGGTTGCGCTG
deletion78	Human	2098179	2098188	10	ACCCGCTCCTGAATGACTACTGGGTACATAAGGAAATGAAGGCAGAAATATTGAAACCAACGAGAACAAAGACACAACATACCAGAATCTCTGGGACGCA
deletion79	Human	2067349	2067358	10	CATATTTTTATGGTGTAACTACTCACTCAAATGTCTTTCCAAAGTATGTACATTCACAAATAAATGAATAAATAAACACAAATGCATGCTCATGTAACAT
deletion80	Human	2029525	2029534	10	CTGGAGCTGAAAGGCAGCCATGTGGTGAGGTCAGGCACCTCCAGCTTTCCTATCAGAGCAAAGTGAGAGACTCGTTTCAAGAGAAAACCTAAACTCAACT
deletion81	Human	517900	517909	10	CAAACTATCAAATTTCCCATCTACTGCCAAGAACTGCTTTACGAAAAAATACTATATCACTATATCTAGTGAGATACTTTTATTTGCCCAGTGTTAGGAT
deletion82	Human	68299	68308	10	AGCTTCTGTAGTAAGAAACTCTCTTATTCCACCCACTGACTGTAGAAATTTTTTGGTTTCTCCTGCCTAAGTAATAATGATAATAACAATAACATTGCAC
deletion83	Human	4394823	4394832	10	CAACACTGAGGATTGAATAGTAGCTGAACGGTGCTCTGATAACTCTAGAGAAGTCCTACTGGAACTCAGTGTCCTACTGAGATTGTGCAGGGGTCCCTCC
deletion84	Human	733414	733423	10	CACATTACCAATGCTGGAGTTGTTGCATGACCAGAATTACGGGACAATCAACGATATTGCAAATACAATTGAGGGCACAATACACAAACAGCCTTATAAA
deletion85	Human	2693566	2693575	10	GGTTTACTGCACCTATCAACCCATCACCTAGGTATTAAGCCTAGTATTCATTCCTAATGCTCTCTCTCCCCCAACCCCACCCCACTACAGGCTCCAGTGT
deletion86	Human	3361266	3361275	10	AGTGGTGCGATCTCAGCTCACTGCAACCTCTGCCTCACAGGTTCAAGTGATCAGCCTCTCAAGTAGCTGGACTTACAGGCACCCGCCACCACACCCAGCT
deletion87	Human	2737414	2737423	10	AAGCTAGTCATCTGAGTTCTTCTGGGCCTCTCTATCTGATGCCATAATGAGAAAAGGTGTTGGAAGGCAGGGCAGTGGGAGGGGCAGGGGCTGCCTAATG
deletion88	Human	1118112	1118121	10	AGGAGGAGTTGGATTCAGTATTCTGCCTGCTAGCCTGCTACTGAGCCCCCTTTTTTTTTTGCCCTGCAGTTTTTCTTCAGCCTTTTATTGTAAAATTTTC
deletion89	Human	206040	206049	10	CAAAATTGGGTTGACTGTGAATCATTGTGATGCCTGATCACTCTCCTGAGTCATTGGTACTGGTTGCCTGCTCTTGACACCGGAGGCCACTTTGTGTACT
deletion90	Human	1311141	1311150	10	GAGAACAAAACGTTGCCTCTTTTCTCTAGGTGGCTTTCTTCCTCCAGAAGAAGATTTGACAGCAACTGTATTACACCAGTAAGTAGTCTCATACTTTGCT
deletion91	Human	1756028	1756037	10	CAATTTTCTCAGCACCAGTCATTGAAAAGGGTGTCCCTTCCCAAGTGTGTACTTTGTCAAAGATCAGTTGGCTGTAGATATGTGAATTTATTTCTGTGTT
deletion92	Human	2537289	2537298	10	GTGATAAGAACTCAGCCATCTCTTCCCTATTTAAGAGGAAGTCGGTGTGACCAGAGTTACATGGAAAAAGATATCGGTTCTTGTAAGAAAGTAGGCTTTG
deletion93	Human	30797	30806	10	CCACTGTGCCCAGCCAGATCTCAATTCTTAACACAGAAGGTGGTATAGACAGTGCAGCCTTACTAAGCATACCCTCCTTCTTGTTGTCAGTTGTTCCATC
deletion94	Human	2512213	2512222	10	AAAAGGGCTTGACTAGAAAGCTACCACTGTTCCGGGGTGAGCTGAAGCTCATGGTGACCCAGGGAGAATGCGCCAGAGTGGGCAGAAGGTGGACAGAAAT
deletion95	Human	2941972	2941981	10	CTGTACTGGGTGCCTCCCTTTTCCCTGGCAGGCTGGCAGAGTCCAAGTGTCTCCGGGAAGCATGTTCAGATACTCATGGCATGAGCCAGGTCTTCACAGA
deletion96	Human	1019731	1019740	10	TCTCCCTGCACTGCTGAATCAGAAGCCTTATAGGCAGGACACAGCCAGGTTTTAACATTCTGATACACAGCCATGGTGGAAAGAAACTGACTTATTGTTA
deletion97	Human	853459	853468	10	AATGCTTTTAGGGATGTTTTTCTCATCTAAACATAACACTCCCTGAAGGGTGTTCCACCATTATTGCCTTCCTATTGGGGAAATGATCTTTAGGGCTGAG
deletion98	Human	3332696	3332705	10	CAAAAATATTCTTCAGAAAAAGAAAAATGCGTTTGTACTGAACATGTAGATTCTTGTCATTATTTCCTAAACTATACAGTATAACAACTATTTACATCCC
deletion99	Human	3783184	3783193	10	CCCTTCCCCTATGTCACCTCATTGATTCCTTTTGTGATTCCACAGAAATTTAAAGATGACTGTCAAGATTGGGCTACCCAGAGGGAGACCTTGTAACCAG
deletion100	Human	4058639	4058648	10	ATGGTGGTTAAATCCTTCAGTATTTTTAGATTATTTTTCTGTGAACACGCGAAAGGACCATGACTTCAGCCTGGGGTGAATCACGCACTCGAGGTGTGCC
deletion101	Human	1116668	1116677	10	TGATTTGTAGTTTGATTTAATTCCATATGAGCAGTTATTTTTGAAATTGTAATGTTAGTGAGCCATTCGTCGAACATGTCCACATAGACACTACTCTTGA
deletion102	Human	2560801	2560810	10	GTTTTGGAGGGAGATGGGGAGCAAATTTGCCGACAGTGGCATCTTCACTACCATTGGCCAGACACCCCTTACCTCCTCCTCACTCCCAAATATACCCTAT
deletion103	Human	1825640	1825649	10	TAGCATACTGATATTAGACAAAATAGACTTTAAATCAAAAAAGATTACATAGAACACTACATATTAACAAAAAGTTTAATACAGCAAGAAGGTATAACAG
deletion104	Human	3565077	3565086	10	ATGATTTTCTTTTAATCAAGTCACTACAGAATGCAATCAGGAATGCACTGCTGCAGGTATGGACAATGAAAATGATCTCCCAATGGAGCACTTTTGGTTA
deletion105	Human	938326	938335	10	TCCTGGTGGCCACAAGGAATGAATCACAACTGCCCCAATTCATTCATTCTTAAATCCTTACAGTGGGCCAGGAACTACTATAGGTGCTAGGGACACAGCC
deletion106	Human	1028117	1028126	10	TAATATCAGGGTAGTGATATCACTCATCTTCCCATTCCTAGGGAGCTGCTGAAGAGGACTTAACCAGCCAAGCTTGTGGGAACCCAAGCTATTTGCTTGG
deletion107	Human	1712542	1712551	10	AAATCCTGATTGAGGGAGGTTAGAACCTGAACCTACACAATGCTGAAATAGAGGGGAAATGTCTGTCATCTTAATTTTGGGGATTGTGTGACAGTCATAT
deletion108	Human	1731446	1731455	10	GGTTTTTAGAATTTTCAGCTTTTCTGCTCTGGTTTCTCCCCATCTTTGTGCCTTTGGTCTTTGATGTTGGTAACCCACAGATGAGGTTTTGGCGTAGATG
deletion109	Human	1726224	1726233	10	TGGATTACTATGACATTTTTACTTTTTAAAACTTCAAATTTTTAAAAAAGTGTAATAATATTTAGCTTAAAACATGAACACACTGTATAACTGTATAATT
deletion110	Human	3834841	3834850	10	GTTATTTGTCCAGATTTTGTGATGTTCACAGTATTTTTCAGCATTTTCATTCCATGATTTATTTTCTCTTCCTAAATAAACATTAATTTTTGTTCTTAGT
deletion111	Human	3390300	3390309	10	CAGTCTTTATAAAAATTTAAGCTGAATTTCAGTCTTCAGAAAATACTGATATTCCCAAAAAATCATGGTGGCTGCTTAGATAAATATATCCACACATCCT
deletion112	Human	1787713	1787722	10	AACTGGGACATTTTTGCCATTCAGTTTGTCAAGCAAATATAACGATGCATCACACTTCCACTGTTTAGCAGATGGCACATCTGAAACATGGTACATGGGT
deletion113	Human	4513822	4513831	10	TAGGAACTGAGGACACCGAGACATGCTCTCCCTGCAATCAGGCAGCTTATAAAGAATTAACTGTCCTGGCCTTTTTCTAATTTTTGTTGTAAGACGTGTT
deletion114	Human	4107175	4107184	10	GAAACCATCACAGCCTCATTTCCACTATATTCTATTGTCAAAGTAGTCACGGACCTAATTAAACTAAAGAGCTTCTGCACAGCAAAAGAAACTGTCAACA
deletion115	Human	4122865	4122874	10	TTTTAAATTTTATTAATTGTAAATTAACATTCATACAAGCAGGCATGCATCCAGCCTTCAATTGGAGAAGCAAGCAGCACACTGTAGTCACAAGGTCTTT
deletion116	Human	1207240	1207249	10	TCCATCTCCCATGCATCTGATCCACAGTTGGGCGGCAGCAGTGCTAGGCGTCCCGCAACTTTGACGTCTGTGGTCCTGCCTCAGTGAGTGTCATTCCTCT
deletion117	Human	1199847	1199856	10	TATTTGAGGAGCTGCCATATACCAGGTAGAATATTTATCGAGCTTAATTACTCAGTAACAAAACAACTTTCTAGCTCTTCATTTCAGCAAAACCAAGTTC
deletion118	Human	2312318	2312327	10	AATATCATATAATGTACAAATAAATAAACCCATTTACATTTTAATGACAAGAAATGAATTTACAGCACTACCAGTCCCACCTCACGAGGTCTCCTTTGCA
deletion119	Human	242900	242909	10	CCCTCCCCTGGTCCTGGGCAGGCCTTTATGGCTATCTCCATGAATCGAATAGGCACTGCTCAACTTCCAAGACTAGGTTGGAAAAGAATATGGACCTCTC
deletion120	Human	3077240	3077249	10	GAGACTTCTTATATGAAATTATTCTCATTCTTAATTGTTTGAGCAGTTATTTACTTGCAGCCAAAAGCATTTTCTCCAGACTTCTGAGTCCTAAAAATTT
deletion121	Human	833792	833801	10	CTGCCTCGGATGGTTTCTCAGGCTGGCACTGAGGGTCTGCAGCTTTCCCAGCAAGCTGTCAATAGACCTACCATTCTGGAGTCTGGAGGACGATGAACCT
deletion122	Human	466107	466116	10	CTTGGCTTCTTTGGCACCCACTCTGACAGTCTCTTTTAACTGATATATTTACATGTATTTTATTCATTGTCCTTATTGTTTTCTTTTTTGGTCTTCCACT
deletion123	Human	3763795	3763804	10	CCATGGAAAAACCACGTTTGCTGCTGTGGTTAAGAAGAACACATGATCCAACGGTTTCCCATGCAAGGCGAGGTGTCTGAAGACCAGATTCACCTGAGTC
deletion124	Human	2961922	2961931	10	TACCTTTCCTCTACAAATCGCCTCCTCATTAAACTCTTTTCTGCCTGCTTGATCTGTATTTCTTGCCAAGCCCTGATCACACCAGAAACTTCATGTGCTT
deletion125	Human	3940466	3940475	10	TACGTATTTGCATAGGGCAGAAGGCAGCACAGTTTATGTTCAAAAAAATACCCTCCAGTAAATTGCATATTACTCATAAAACAAGCCCAAAACTACAGCC
deletion126	Human	1745067	1745076	10	TTTCTAAAAAGCCCACCCACGCTATAGATGAAAGCTCAAACACAGAGGCTGGGACCTACAGCTCATAAATGACAGGGTCAGGACCTCAACCTGGTCAGTT
deletion127	Human	4376336	4376345	10	GACATGGGAGGGGCCATGGAAGGCGATGAAGGCACAAGTTCCTGATTTGGGTTTGCAACACTAAACAACTCCAAAGTTGTCCGCCTCTCAGGAGTGTATT
deletion128	Human	2247628	2247637	10	ACTTCTGAATACCTCCCCAGGCCTACTGAATGGGAATTTCTGCTGGCCTCTTTTAACAATTTATCCTGGTAAGTCAAATATACAGTAATGTTTTGGAATG
deletion129	Human	3458613	3458622	10	CAGGCCCCAGAGTGTGATGTTCCCCTTCCTGTGTCCATGTGTTCTCATTGACCTGTGAGTGAGAATATGCGGTGTTTGGTTTTTTGTTTTTGCGATAGTT
deletion130	Human	2896068	2896077	10	TTCTGTGGTGTCAGTTGTAATAGCTCCCGTTTTGTGTCTTATTGAGGTTATTCTCCTCTTTTCTTGGTTAATCTTGCTGATGGTCTATCAATTTTCTTTA
deletion131	Human	2228436	2228445	10	ACAGGCTTTTCCTTCAACTAGTTTTCTCACTCAACAGTATAGCATGGGCGTCAATACATTTGTGGCCTCCTTTCACAATTATTTCAGTGGCTGTAGAGTC
deletion132	Human	1382129	1382138	10	CAAAAAAATCTTGTGATCCTTTTCCTGAGATTCAGATATTTTAGACTGAATGACCAATGATAATTGGTATCAATAAACACATTTTAAGCTAACACAATTG
deletion133	Human	3472354	3472363	10	CCATGCCCAGGTGCCGGTGGCTCTCCCTGATCCTCCTCACCATTCCCCTGCCAGGAAAGACCCAAAAAAGAATGAGACAGGGGTGCTGAGGAAATTAAAA
deletion134	Human	333301	333310	10	ATGGTATTGGGAAAATGGGAACATTCCACATGCAGAAGAATGAAATTGGAAGCCCATACACAAAAATCAATTCAAAATGGAGTGAAGACTTAAACATAAG
deletion135	Human	4580187	4580196	10	AGGAATAATTATATCAAATAAATACCTACACCCTCATAGTTACTGAAGCATGGCAAAAATATGGAATCAACCGAAGTGCCAATCAGTGGACAAATGGATA
deletion136	Human	3241290	3241299	10	CAGATGGATGGAGATGCTGGGCATTCTACCTTCTCTATCCTGCATCCTGAAGCCAGCCTGGCTCAGGGTTAAAGCTGATTGTGTCTGCTGAGTTGCGTAT
deletion137	Human	1133132	1133141	10	GAAAATTGGAGGTGCCTTTCTATCCCTCTGATGTAGTTCTGCATATTTCTGAGATCTCTAAGAGAGTTTTATCCTGAGTTACCCTATTTGGGGATGGTGG
deletion138	Human	1334476	1334485	10	CCTATCTTAAAAAAAAAAAAAAAACAACTGTTACTAGGTAGTGAAATTGATAACCTTGGAATAATTAATTAAGCTAAATAAGACTTGGAAACCTTTTCAT
deletion139	Human	4336857	4336866	10	TATGAAGGGCAGTCCTGTTAGGCCCCAGGGACAAACGTCCTCATCAGACCCCTGCCCTGCATAACCAAGGCCCCTAAGGTGGTTTCCAATTGGTAAAATC
deletion140	Human	4426784	4426793	10	GGCCCAGTGGGTGTCAGAGACCCCTACTAAGACTCTTGCTTCCCTAAGAATCTGGGACTTGAATGGTGGCACACACCCACTCCCCCAGCCTTGGTCTTGG
deletion141	Human	2816460	2816469	10	AGATTTTAAGGGGGTCGTCTCAACACCAGAAATGTGTTTTGAAACAACGTTGTGGGTTCCTCAGAAGTAGGCTCTGAAATGGAGAATGCACGTGGAAAGT
deletion142	Human	4453547	4453556	10	AATACCTTTATAAAGTGCACTATTTAAAGGTGTCCTTAGTTAACCTTTTGAACCATCTTGTAGGTGAGCAGTTTTATGTCCTGTCACCCATCCCCAAATA
deletion143	Human	3534603	3534612	10	GGCAGGAGGATCGCTAGACCCCAAGAGATGGAGATGGAGGCTGCAGTGAGACCAGTGCACTCCAGCCTGGGCAAAAGAGTGAGACCCTGTCTCAAAAAAA
deletion144	Human	1003178	1003187	10	CATCTTCAGCCAAGGCACACAGAAAAAGGAAATGCCTGACAAACAACCCTGAATGATGGGATCTAATGCCAGGTGAGAAGAGTCCTTATCTGGTTGGGAT
deletion145	Human	783894	783903	10	TGAAAATATCAGGACACAGAAGCTGTCTCTCCCTGGGGATTGCTCAGCTAGCTTTGTGTCTCTTGGGGCTACCACATGGAGAAAGCCAGCCAAGAATAAC
deletion146	Human	2859778	2859787	10	TGGGATAGGACAATGGCAAACACACGTCTTGAGAACAGAACTCGTATAGTACTGAGGGTGGTGGAATATCTGATCAGTCCACAGACTTGGGTATCAGTGT
deletion147	Human	2728738	2728747	10	TGATGCGGCCCGGGAGGCTGCTGAGAGTGCCCCTTCTGAAGTCAGGTGCCGTCTCGCCCTGAGCGTCCCTCAACTCCACTTGTCTCCTCCAGCCCTCCAC
deletion148	Human	815860	815869	10	ATTCTGGATCCAGCCATCAGAAGCTTTTAAAACTCCCCAGCGGGTTCCACCCGTTTGAGAAACTGTTCCTGGAGGGTTAGTTCATGCTGCCTGAATGTAA
deletion149	Human	593907	593916	10	GACTCCACCAAGGAGAACTGCTCAAAGAGTGTAATAAACTTCTGTTGGAGGAGGCATGTGTGCCATCCTTGGGTCCAACACAGGAGTGAGGATTTTCCTG
deletion150	Human	3752251	3752260	10	TTCAAAATCCTTTCTAACATCTTCATTTTCAATCTTTTACCACTGATTTGTTTGGGAGAGAAAGTCTTAGAAAGGTGTGGCACATGGGTGCCAGCCTCTG
deletion151	Human	2493868	2493877	10	CCTCTCTCCCTCTCTCCCTCTCTCTCTGCCTCTCTCCCTCTCTCCCTCTCTCTCTCTCCTTCTCTCCCTCTTGTTTCTCTCTCTCTCTCCCTCTCTCCCT
deletion152	Human	2781336	2781345	10	CACTTCCCCCTCCCTATTTGCATTTCCTGGCATAACACAAATAAATAATTTCCTTGGTTTCTGGGGGGACCCACTCTAAGACAGTATATCACCCCTACAA
deletion153	Human	2045528	2045537	10	TCTGCTGTTTTAATTTCACCAAGAACTGCATCCCCCTCAAATCTCACAGTCTCCAATCTGTTAACCACATAAATGGGTCCTGCGATGGCAAAATATTTAA
deletion154	Human	2054496	2054505	10	CAGCCTGTTTTGTAAATAAAATTTGATTGAACAGAGACATGCTCTTCGTTCTATGGTTGCTTTTTGCTACTATGGCACAGTTGAGACTGTATGGCCCTGA
deletion155	Human	88385	88394	10	AAGTATGGCTCACTGCAGCCTTGAACTCTTTCTGGGCTCAAGTGATCCTCTTCCTGAGTAGCTGGACTATAGGTATGTGCCACCATACCTTGCTAATTTT
deletion156	Human	133234	133243	10	GCAAATGGAAACCAAAAATGAGGAAGAGTAACTATTTTTATGTCAGAGAAAAAGCAACAACAGTTAAAAAAAGTGGGACATTATAAAATGATTTTTAAAA
deletion157	Human	3808599	3808608	10	GCTCCAGGAAGAGGAAGCTCCTGGAGGGGATGTGAGCAGGGAAGGGAATGTCATGGTAACTGTGGGTGGGGCCCACAAGGTGCAGGGAGACACCTGGCAG
deletion158	Human	3873253	3873262	10	CTACAAAGCTCATTCTCTTCCACTGAACAAGGAATTGGGTAAGAAATGCAGTGTACTGGCACCCGAGCAGTTCCAAGCGGGTTCAGGGCAAAATGATCCT
deletion159	Human	4373441	4373450	10	TCATGAGAGACCTTGTCTGCTTCTGACACCCAGCGTTGGTCCGCATCATTTCCTCTTTCCAGGACTTGGAATGCATCAAAAGAGATGACCATGGAATCAC
deletion160	Human	3770807	3770816	10	GAGAACAGCAACTCCAAGACACATAATTGTCAGATTCACCAATGTTGAAAAATTTTAAGGGCAGCCAGAAAGAAAGGTCGGGTTACCCACAAAGGGAAGC
deletion161	Human	3393717	3393726	10	CTCATGCCTATGATCCCAGCACTCTTTGGGAGGCCAAAGCAGGAGGATTGGAGTTCGAGACCATCCTGGGAAACACAGCAAGATTCCGTGTCGAAAAAAA
deletion162	Human	849984	849993	10	GGTCATATTTATTAAATATCTGCCTGGAATTTGATCCCACTTCTGTTTGGCTTTCCACCATGTTATGTTGTCTCTCAATAGAGTCTGATTTCCGTTTGTC
deletion163	Human	3539249	3539258	10	TGTTATTGCATGTGAGATAGGTCTCTAGAAGACAGCATACCATTGGGTATTCCAATTTGCTACTCTGTGCCTTTATAATTGGGGCATTTAGCCTGTTGAC
deletion164	Human	1117396	1117405	10	ATTACAGGTGCACACCCCATGTAGCTGTGTACCTCCCGAGTAGCTGGGATCACCCCAGGTTTATGTTTTGTTTTTAATCTTTTTTTTGCTAAAATGAGAA
deletion165	Human	3944918	3944927	10	AGTCATTTTAGTTCAAAACAAAAATTTCCCATATGAGATCTTTCCTCATACTTTCTTTTTTCTCTTCCCTACCAAAGAAATGCATCTTTATATCCATAAC
deletion166	Human	2612477	2612486	10	TATTCACATTTATGATTTTGATTTATTTCCCATTGTTTTATTTTCCTCTAAATTCTTGAATAAAATTTTTTTCTTTTTCTAGTTTTATTTAATGTGAAAA
deletion167	Human	1515859	1515868	10	GGAAAGCACACAGCCTGTGTGTGAGAACTTGGGAAGCAAACTGACGAGAGGGTTGTATTAATTCTTAACATGCAAAACAGCCACATGTTGGAAGCTAATA
deletion168	Human	11305	11314	10	TTATATAAATATAAAATCCATAAGAATATAAATATTTAGAATTAATAAAATTGGATATAAAGTCAGTATAAAAATCAATTGTATTTACATATGAGAGGAA
deletion169	Human	2711374	2711383	10	GCAGCTGGGAGTTGGTAGATAAATGTCCTAGTTTCCTAGCTGCTGTGAAGTGGGGTGTAGTCTGCAGTTGTTTCCAGAATTTCCCTGTGAGCTGAGTCCT
deletion170	Human	2374325	2374334	10	TTGCAAAATTCATGCAGTGGGATGCAATGGTGAGTCTGACCGCTGCTTGTTGTTGTGAATACCTGGATGCCCAACCCTTAAGGACAAGGCTTAAAGGACA
deletion171	Human	666567	666576	10	AATGGATGCTAGCACACTGGCTTACTACTATTACAGAACTCAGGGAAGCAAACCACAGAGAAGCAAACGGCAGACAGCCTGGCAGAGCTAGAGGTCATTT
deletion172	Human	3260223	3260232	10	GTAGCAGGCTGTCACGTAGGTTTGTGAAGTATACTCTATGATGTCTGCACTCATCTATCGATGCATTTCTCAGAACGTATCCCCATCACTAAGTGACACA
deletion173	Human	4223211	4223220	10	CATTCTCCCCACTAAAACTTTTTCACATCCTGGATGACCACCACCCTGCACGTCACTCTCCTCCACACCCCTTCCAACCCAGGCTGTCCCATGGCGAAGC
deletion174	Human	1930223	1930232	10	CAAAGGCCCTAAAGCAGGATTCTTCCTGGCATATGGCTGCAGGAGTGAGAGAAGATGAGAGCAAAGAGGTAGGGAGGCAAGACCGGATTGCATAGCACTG
deletion175	Human	4208507	4208516	10	ATCATTAGAGAAAAAACACGACAAAGTCCAACATCCATTCATGATAAAAAACTAGGAATAGATGACAACTCCATCAATTGAATAAAGAATATCTACATAA
deletion176	Human	1517733	1517742	10	TGTGGTAGCCAGCTCTAGGGGTGAGCCTGAGGCTCCATGGCCATAGCCTTACCATAGTCTTGCCCTCAGGAGGATTTCTCCATATAAGAATCCAACTTTG
deletion177	Human	743846	743855	10	TTAATTAGTCATCAGCAACATGCAAATTATAGCTATTATCAGAATGGCTAGACAAATAATACCGAGTCCTGGAGAGGAGGTAGAACAACTGAAACTCTCA
deletion178	Human	980667	980676	10	GCTTTAGCAGATACATAAAGGCACAACACATTTTTCTGTTACTCGGACATATTTTAATATACGTAGATATGTCTAGTTTAAATGAGTTTTGTTGTTTATT
deletion179	Human	3822558	3822567	10	ACTGGGATCCTCCCCTTTTCTCACTGAGGTGCTGTCTTGTCTTACAGTCGCCTGGGCAGTGCGGAGGACCAGCATACTGTGCCCCACAGACCTCCTGGAT
deletion180	Human	4299281	4299290	10	AAACCCGGTGTCATCACTCCAACCTGGCCCTGTTGGCCACCATGCCTGACCGCTGCCTTCATTAGCGTTCCCCAGAAACAGAAACAGACTCGAGACAAGG
deletion181	Human	2891697	2891706	10	TGGTTGATGTATTAGGATTACATTCAATTGTTCCTTTTCTGTGGCCATCACAATTGCTATTATAACTTGTTTCAATGGTCAATATTATTTTAATTAAAGC
deletion182	Human	3834699	3834708	10	CCTGCTCCTATAATAACCTCTTTTCTTTTTTGAATCATCCCAGTTTCTTGATTCCCTTATTTCCACAAGCCCATAGACCTGAGTCTGTTGACCACAGAAT
deletion183	Human	4357456	4357465	10	TCTCTTATTGATAGCCATTTGAGTTGTTTCCAATTTCTTGTTATTATAAATAAACATCCTTGTACATGTCTCTGGTGAAAACATGTACATATTTCTGGAA
deletion184	Human	2345591	2345600	10	GAAGAGGTGAGATTCAATCCCTGCTCATTTTTCAACTAAATGTATATAATATTATGTGAAATAGTCTTATTTTAAAATGCAGGAATTTAATTTAATTTAA
deletion185	Human	3949283	3949292	10	ACAGTGCATAATAAGATGGGCCATTCCTCCTAGCAGGAAGCCAGTTGAGAGCTGCAAATGTGTGCTACCTTTCATGGAAAAAGAAGGATTCAGATAGTGG
deletion186	Human	1519925	1519934	10	TGATATTATATAATGGCATTGTATCAGTATTCAATTTCCTGAATTAAATAGGTTTACAGAGATGGTTCTTGTTCTTAGGAGACACATGGTAGAGAATCTG
deletion187	Human	3539440	3539449	10	TTTGCTTTACAGTGTCAATGGCCTATGTACTTAGGTGTGTTTTTGTGGTGCTTTTTCTGGCATCTTGAGGTGCAATATTAGGATGTTTATTTGAGTTTTT
deletion188	Human	560772	560781	10	GCATCTAAATCAGTATTTCTAGACTATAAGCTTATTTGTTAAATAAGGGAGACAATACTGATTCTTAGCTGTAGACTCATAAATGTCCCCCTCCCCTGAC
deletion189	Human	2021996	2022005	10	GTTGTTTGTTTTTTTCTTGTAAATTTGTTTGAGTTCATTGTAGATGCTGGTTTGTCAGATGAGAGGTTGAGAAAATTTTCTCCCATTTTGTAGGTTGCCT
deletion190	Human	66955	66964	10	CACCCATTAACTCATCATTTAGTATTAGGTATATCTCCTAATGCTATCCCCCCCACCCCACAACAGTCCCTGGAGTGTGATGTTCCCCTTCCTGTGTCCA
deletion191	Human	710531	710540	10	TTTCATGTAGCTTCTAGCTCTAAATGCAGAGTCCTAGGTATCAGTTGGTCAGATGAAGCTTTAAAAAAAAGTTGGGGCATATGATTTTACTATATTGGAT
deletion192	Human	1810402	1810411	10	GAGAAAGACGTGGCCTCTCCAATTAGTCCAGCATAGCCAGTCTTTTCTCCAAGACAGTTGTTTCCTGAAGCAAGCACTTGTTGAAATAGCTGGCTTGCAT
deletion193	Human	1001574	1001583	10	TCGTAGACAGCAGCCAGAATAAAGTCTAATATTCCGGCTGGGGAAACAGACAGTGATTTTTTTTTTCCTGTTGATTTTATTTTCCTTTGTGGGCATCTGT
deletion194	Human	3966799	3966808	10	CCAAACTCGTTGGTGATGCTGGTAGAGCTGAAGTCATCCATTTCATTATTCCGCTGACTGGGGAGCGCACCTTGGAGCCAAAGCTATCGCCCAGCCAGGT
deletion195	Human	669684	669693	10	CATTTTCAAAAGAATGATGGAGCAAATGTATGTTCATCCCTTAAGTTACCATATTGTTAAATTACCTTTTATATACCATCTATTATATAAAAGTCTCTAT
deletion196	Human	3988738	3988747	10	GGGTCTGTTCTCAGTCTTGGCCTCCCTGAATTCATCTGCGGCTTGCACAGGAAGCACCATGGACGTGTGGCTGCAGCCAGATCCTGCTGCTTATCCTTCT
deletion197	Human	2731355	2731364	10	ATAAGTCATGAGAGTAATCACACCAAGGAACAACGGAGCTGAGAAACTTGCTGCCAGCTATTGAGGAGATCTGCTGTGTGTGTGTATGCGGGGCAGTTAC
deletion198	Human	3246575	3246584	10	TGGGATTACAGGTGCGCACCACCACACCCGGCTATTTTTGTATGTTTTAGGGTTCCGCCATGTTAGCCAGGCTGGTCTCAAACTCCTGACCTCACGTGAC
deletion199	Human	1954409	1954418	10	ATTGAGGTATGTTATAAAATATACTCAGGATTTCAAAGAATTAATATGCAATCTCACTAGTAATTTTTCGTATTGCTTATATGAATGACAAGTGTACATA
deletion200	Human	2293091	2293100	10	TGAGAATGGGAAGGGATTTTATAAAACTGTTTGTTGTTCTTCCCTTCCTCCTCTAGCGCACACACTCATATCCCCCCCCCCCCACATACACACACACACA
deletion201	Human	621341	621350	10	CTCAATGTAAGTTCAAGAGTAATTTCAACATGGGAGATCTGCTAACATAAGCTACACTAGGGCTGGGATTGATGAGTGTCTCCAGTGTGCAAGGGCCCCT
deletion202	Human	4110198	4110207	10	GAAGCAAAGCAGGCAAAGGAATAAAGACAATTCAAGCTTGTGCCTTGAGCTGTGGGCAACTGGGGTTCACTCTTGCTGGGCTTCCTCTGGGAGGTCATGT
deletion203	Human	105998	106007	10	GACCTTAGAATGTCAGTTTGTGCTCTGTCAGTCTTTTTGATGTAGGTGTTAACTTCCTCTTAGCACCACCTTTGCTGTATCTCAGAGGTTTTGATAGGTT
deletion204	Human	4241722	4241731	10	GTTTGTGATATAAAAATGCCCCTCAGAGGCAGTGAAAGAAAAGTCAGCCAGGAGTTAATGGAAATATCCATCCTCTAACTGCATCTTTCACTTTCTGTCC
deletion205	Human	4284797	4284806	10	CTCAACTTGTTAGGACAAGAACTGAATTTCTCCCAGAAATTTGGTATAGACATCTATGGAAGAGAAGTAAAAGGAGGAAGAGGACAAGAAGAATTCTGAG
deletion206	Human	13219	13228	10	GTGGATCTCTTTGTAAGAGTATCTAACCAAGTTGCAGTTAACATGTACAATACAGTGTATATAGGACGGTCATAGAGTACTATTCGGCCAGCAACGGGGA
deletion207	Human	916438	916447	10	TATTCTGCAAATCCCAGGACAATCAGTCTCAGCCAAGCCCTTAAGAAAGCCTCCTTTCTGCTTCAGCTTTCTAAATGTTCTGAAATTATAAAGCTGGATT
deletion208	Human	1615920	1615929	10	GCATTTCTATACACAAATAACACACAAACAGAGAGCCAAATCATGAGTGAACAATTACTACAAAGAGAACAAAATACTTAGGAATCCAACTTACAAGTGT
deletion209	Human	3386963	3386972	10	GGGAGTGTTGGGGAAAAGCAGGGAGGTGAGGGAAAATGACAGCTAAATGGCTTTCTGGGGTGATGAAGATGTTCTAAAACTGCTGTGGTTGCATAGCCCT
deletion210	Human	924314	924323	10	CTAATGTGTGCAGAGCACTTAGGACAGTTGCTGACAATATTATACTACCAGCCTCTCTGATTAGTGGCTTGTTTTTTTGTTTTTTTGTTTTTTTTTTTTT
deletion211	Human	1670892	1670901	10	AGGGTGTGAGTAAGAAGGCTTCTCAAGGTGGACCTTTATGTATCGTGTGGCATGCGAATATCTTACATATTTACAAAAAATAAAATTTAAAAACGGCTGA
deletion212	Human	2771494	2771503	10	AAGAGTTCTTGCAGATATATGCTTTTGTTTCTCTTGGGTAAATGTCTAATCTGGGTTGATGTGGACTCAACTGTAGAAGAAACCAAATGAGTTGCTTTTG
deletion213	Human	1958664	1958673	10	GCTTTTCAGAACATGACTGGCCCCTACAAAACCAAATGGCAACTCTGGCCTTTTGTGTTTTGAGCTGCATGTTGGATTAGCCAGCTGCTTCTTCAACTCT
deletion214	Human	2291488	2291497	10	TGAAAATTGGCTGTTGCATGCAAAGCGCTCTTATTAAAGCGTGCTCTACATGCTTGTTAAAATGCAGTTTCCTGGACCTGAATCAACTCTACCAGGCTTG
deletion215	Human	3154841	3154850	10	TTGTATTTTTCCAGGAATTTATACATCTCTTCCAGTTTTTCTAGTTTATGTGTTCATAGTAGCTTTGAATGATCTTTTGTATTTCTGTGGTATCAGTTGT
deletion216	Human	363164	363173	10	TCACCCAGACTGGAGTGCAGTGGTATGAACATGGTTCACTGTAGCCTTGATCAAGCAATCCTCCCACCTCAGCCTCCCCTACAGCTGGGACCACAGGTAC
deletion217	Human	903370	903379	10	GGGTCAAAGATTTAAATATTTTAAAAACTTAATCTAAAATCACTAGAAAAGGATTTCTTTATAACCTTGGAGGAGATGAGAGTTTTCTAATTGTGACTCA
deletion218	Human	2655369	2655378	10	CGCTCAATATCCAGGAAATGGGCCGGGCGCGGTGGCTCACGCCTGTAATCGGGAGGCCGAGGCGGGCGGATCACGAGGTCAGGAGATCGAGACCATCCTG
deletion219	Human	3141431	3141440	10	GGGAGAGGCTGAGACTCATTCAGAGGTTTCCAGTCCTCTGAATGGGTCCTTCAGGAAATGAAGAGCAGGGGTTTAGAGCAGGGAGAAACTGGAATTTTTT
deletion220	Human	673383	673392	10	AGAAGTGTGCCTTTTTTTCCTGCCTTTGGATATCATTCTATCTGGGTGCAGCATTTTGCCACCCTGAGGACAAACCTGCCACACTAAGGATAGCAAAGCC
deletion221	Human	1273651	1273660	10	GAGGGTCCGCGGCTTCAGTCTTGAAGTCAGTGAGACCAAGAACCCACCCAACTGGGTTCACGCCATTCTCCTGCCTCAGCCTCCCAAGTAGCTGGGACTA
deletion222	Human	1481441	1481450	10	CCTGAGTAGAACTCGGCCAGAGGGGAATCAAGCAGACATGGGGGACGTGCACCCTCCTAGCCACACTGGAACATGGCTGTCCCCTCAGGGTTTGTCCAGG
deletion223	Human	3632915	3632924	10	TCCATGTCATTGACAATTTTTGAGGAATACAGAACAGTTGTTTTTATAATATAATTTATAACCTTATAAATTTGAGTCTTTTTGTTTCTTGATGATTAGA
deletion224	Human	4462065	4462074	10	GAAGCCTGGACCAGGAGCACCTACACGTGACCTCTCCCTGGGTTTCCTCCTCAAGGGGGCCAGACTTCATATGCCGAGGCTTCTGCTCCAAAAGTGAGTG
deletion225	Human	4032879	4032888	10	GGCCCGATTGCCGTGAAGACAACTAGACATGAGATGGGGCTTTAGTACAAAATGACTTTCTTTACCTTTTTTACTCTGAGCCTCCTTTGGGGGGCTGGTT
deletion226	Human	2744416	2744425	10	ACTGCCCCGTGCTGGGCGGTTCCAGGAAATTCCAGGCTGGCCAACCTAACTTTAAGAGCTGTGCTGAGGCAAACCTAGAGAGAAACTCAGCTCAGTAAAA
deletion227	Human	541018	541027	10	ATTTCTTTAGCCCACAATTACCTACCAAAGGATATTTTTTCCATGGGAGAAACTGTTGTTTATTGCTTCTTCAGAAAACAATGTTCTCTCTAAAATGTGT
deletion228	Human	642981	642990	10	TTTTAAACACTCAAGTTAAAAAAAAAAAGTAATTCTCAATTACTTGTGGACGAGTTAAAAAAACTGATTATATAAACGAAAAATAATCAACATTGTGATT
deletion229	Human	3867194	3867203	10	CCTGGAACCAATCCCTCATGGATACCAATGGATGGCTATATTTACTTAACCTAGAATTTACAGAAAGTGAAACAATATTACAGATGAATGTTTCTTAATT
deletion230	Human	3682257	3682266	10	CAATTGATGCCCACTGGACTCCCACTCAATGCTGGTGCTTGTACCTGCTATGTAGTTATGCCTGCCCTATAGGGTTATAGAAGCAAAGCCAAAAACCCTA
deletion231	Human	2707638	2707647	10	GCAGATGTCATTGGGCGCTGACTGAATCCTGAGTCTGGGTTTCCTGATAGACCTTCTTACTGATACTACCAGAATGAACACATACACAATATGGTGTGCT
